date,Bearing 1,Bearing 2,Bearing 3,Bearing 4
2004-02-12 11:02:39,0.061453,0.073843,0.084462,0.045081
2004-02-12 11:12:39,0.061361,0.075606,0.082837,0.045118
2004-02-12 11:22:39,0.061669,0.073281,0.084886,0.044171
2004-02-12 11:32:39,0.061944,0.074592,0.082623,0.044658
2004-02-12 11:42:39,0.061231,0.074171,0.082021,0.04384
2004-02-12 11:52:39,0.062281,0.075808,0.084373,0.044273
2004-02-12 12:02:39,0.059893,0.075117,0.084504,0.043972
2004-02-12 12:12:39,0.062369,0.075507,0.082236,0.04417
2004-02-12 12:22:39,0.060838,0.074649,0.080554,0.043604
2004-02-12 12:32:39,0.061091,0.07483,0.080785,0.043523
2004-02-12 12:42:39,0.062604,0.075492,0.080622,0.044678
2004-02-12 12:52:39,0.062341,0.075603,0.080395,0.044246
2004-02-12 13:02:39,0.061631,0.075282,0.081002,0.044687
2004-02-12 13:12:39,0.061883,0.075994,0.083308,0.044552
2004-02-12 13:22:39,0.061244,0.074035,0.080163,0.043482
2004-02-12 13:32:39,0.061474,0.075331,0.081759,0.044156
2004-02-12 13:42:39,0.061842,0.075818,0.081509,0.043554
2004-02-12 13:52:39,0.062211,0.075919,0.080892,0.043926
2004-02-12 14:02:39,0.062623,0.076409,0.082298,0.043764
2004-02-12 14:12:39,0.062513,0.074906,0.08181,0.04343
2004-02-12 14:22:39,0.062604,0.076511,0.081138,0.045041
2004-02-12 14:32:39,0.062447,0.076648,0.083573,0.044517
2004-02-12 14:42:39,0.061329,0.075148,0.082571,0.044143
2004-02-12 14:52:39,0.061449,0.076666,0.080874,0.043866
2004-02-12 15:02:39,0.061288,0.075562,0.082175,0.044179
2004-02-12 15:12:39,0.061904,0.075154,0.082514,0.043844
2004-02-12 15:22:39,0.06189,0.075881,0.080265,0.043735
2004-02-12 15:32:39,0.061726,0.075647,0.081357,0.04328
2004-02-12 15:42:39,0.063208,0.075515,0.08135,0.045092
2004-02-12 15:52:39,0.060691,0.076114,0.08007,0.04403
2004-02-12 16:02:39,0.062273,0.076441,0.082005,0.044521
2004-02-12 16:12:39,0.061525,0.077322,0.083417,0.044206
2004-02-12 16:22:39,0.061506,0.075809,0.079354,0.044173
2004-02-12 16:32:39,0.060628,0.076185,0.08224,0.044367
2004-02-12 16:42:39,0.062685,0.076528,0.081331,0.044789
2004-02-12 16:52:39,0.061219,0.075748,0.082367,0.044381
2004-02-12 17:02:39,0.061414,0.076755,0.08168,0.045032
2004-02-12 17:12:39,0.061578,0.077016,0.081989,0.044673
2004-02-12 17:22:39,0.061916,0.075827,0.081084,0.044194
2004-02-12 17:32:39,0.061147,0.075492,0.079662,0.043655
2004-02-12 17:42:39,0.061458,0.075107,0.078588,0.044209
2004-02-12 17:52:39,0.061382,0.076712,0.081844,0.04397
2004-02-12 18:02:39,0.060115,0.07535,0.081259,0.044295
2004-02-12 18:12:39,0.062268,0.076083,0.082186,0.044435
2004-02-12 18:22:39,0.060795,0.074914,0.082783,0.044284
2004-02-12 18:32:39,0.061784,0.076345,0.081283,0.044676
2004-02-12 18:42:39,0.060625,0.074741,0.079505,0.043782
2004-02-12 18:52:39,0.061514,0.076694,0.081017,0.044541
2004-02-12 19:02:39,0.061634,0.076289,0.080076,0.044699
2004-02-12 19:12:39,0.062391,0.075971,0.08021,0.043931
2004-02-12 19:22:39,0.060579,0.076139,0.079994,0.045378
2004-02-12 19:32:39,0.060347,0.074787,0.081324,0.043912
2004-02-12 19:42:39,0.061459,0.076209,0.081615,0.044705
2004-02-12 19:52:39,0.06092,0.076059,0.080234,0.043869
2004-02-12 20:02:39,0.060964,0.075276,0.079479,0.043129
2004-02-12 20:12:39,0.060199,0.074812,0.07935,0.042924
2004-02-12 20:22:39,0.061615,0.076988,0.081461,0.043105
2004-02-12 20:32:39,0.062091,0.075837,0.080928,0.044374
2004-02-12 20:42:39,0.060783,0.075891,0.081367,0.043353
2004-02-12 20:52:39,0.062264,0.075715,0.081276,0.04516
2004-02-12 21:02:39,0.060655,0.076351,0.079167,0.044337
2004-02-12 21:12:39,0.060836,0.07515,0.080728,0.043987
2004-02-12 21:22:39,0.060681,0.076043,0.079277,0.044346
2004-02-12 21:32:39,0.060812,0.076168,0.081372,0.043722
2004-02-12 21:42:39,0.060511,0.07613,0.080503,0.043658
2004-02-12 21:52:39,0.060513,0.076327,0.080492,0.043178
2004-02-12 22:02:39,0.060746,0.076049,0.080589,0.044358
2004-02-12 22:12:39,0.0594,0.074861,0.079829,0.044024
2004-02-12 22:22:39,0.060528,0.076733,0.081935,0.044244
2004-02-12 22:32:39,0.06077,0.075724,0.080634,0.04505
2004-02-12 22:42:39,0.061741,0.077803,0.08116,0.044401
2004-02-12 22:52:39,0.061894,0.076975,0.081865,0.04471
2004-02-12 23:02:39,0.061242,0.075462,0.079192,0.044679
2004-02-12 23:12:39,0.060409,0.076733,0.080578,0.044153
2004-02-12 23:22:39,0.061592,0.076023,0.080132,0.043752
2004-02-12 23:32:39,0.060022,0.075042,0.077044,0.043951
2004-02-12 23:42:39,0.060836,0.076332,0.082315,0.044577
2004-02-12 23:52:39,0.060486,0.074878,0.081005,0.04337
2004-02-13 00:02:39,0.059131,0.074978,0.079529,0.04444
2004-02-13 00:12:39,0.06068,0.075668,0.079936,0.044062
2004-02-13 00:22:39,0.060733,0.074541,0.077846,0.044542
2004-02-13 00:32:39,0.061103,0.076386,0.078024,0.043665
2004-02-13 00:42:39,0.060747,0.075226,0.078773,0.044579
2004-02-13 00:52:39,0.060912,0.07495,0.078956,0.043507
2004-02-13 01:02:39,0.05888,0.074507,0.078519,0.044343
2004-02-13 01:12:39,0.06084,0.076191,0.081012,0.044846
2004-02-13 01:22:39,0.061193,0.075769,0.081815,0.043842
2004-02-13 01:32:39,0.062056,0.075661,0.07987,0.043572
2004-02-13 01:42:39,0.060057,0.075267,0.08102,0.044223
2004-02-13 01:52:39,0.060577,0.075366,0.081693,0.043524
2004-02-13 02:02:39,0.059359,0.075015,0.078929,0.044104
2004-02-13 02:12:39,0.061483,0.075774,0.081105,0.043933
2004-02-13 02:22:39,0.060679,0.076051,0.079105,0.044017
2004-02-13 02:32:39,0.061475,0.075944,0.079981,0.044492
2004-02-13 02:42:39,0.060369,0.076399,0.079263,0.044408
2004-02-13 02:52:39,0.061072,0.075495,0.078221,0.044877
2004-02-13 03:02:39,0.059842,0.075834,0.079184,0.044271
2004-02-13 03:12:39,0.061092,0.075343,0.079444,0.043946
2004-02-13 03:22:39,0.060355,0.075732,0.07927,0.044436
2004-02-13 03:32:39,0.060179,0.075855,0.079969,0.043997
2004-02-13 03:42:39,0.060262,0.076661,0.07849,0.044151
2004-02-13 03:52:39,0.060677,0.075924,0.078545,0.044214
2004-02-13 04:02:39,0.061193,0.076425,0.079673,0.044616
2004-02-13 04:12:39,0.060404,0.075357,0.078925,0.043873
2004-02-13 04:22:39,0.059834,0.075744,0.080421,0.043632
2004-02-13 04:32:39,0.059873,0.075294,0.07885,0.043904
2004-02-13 04:42:39,0.061042,0.075411,0.07981,0.044983
2004-02-13 04:52:39,0.060098,0.07588,0.079282,0.044055
2004-02-13 05:02:39,0.060137,0.074229,0.07923,0.043625
2004-02-13 05:12:39,0.061294,0.076604,0.081795,0.045006
2004-02-13 05:22:39,0.059829,0.075426,0.079466,0.043982
2004-02-13 05:32:39,0.06035,0.076157,0.078181,0.043504
2004-02-13 05:42:39,0.059495,0.074742,0.079674,0.044067
2004-02-13 05:52:39,0.062272,0.075674,0.080641,0.044513
2004-02-13 06:02:39,0.060693,0.075515,0.080986,0.043849
2004-02-13 06:12:39,0.061147,0.077024,0.079852,0.044784
2004-02-13 06:22:39,0.060678,0.075371,0.080427,0.044108
2004-02-13 06:32:39,0.060589,0.076097,0.078058,0.044236
2004-02-13 06:42:39,0.061254,0.076067,0.080877,0.043198
2004-02-13 06:52:39,0.061406,0.07517,0.08102,0.044216
2004-02-13 07:02:39,0.062208,0.076138,0.07912,0.044289
2004-02-13 07:12:39,0.060342,0.074355,0.079493,0.043418
2004-02-13 07:22:39,0.060596,0.076829,0.079294,0.043697
2004-02-13 07:32:39,0.060213,0.075106,0.078211,0.043057
2004-02-13 07:42:39,0.059976,0.075094,0.079209,0.043932
2004-02-13 07:52:39,0.060207,0.075327,0.079372,0.044305
2004-02-13 08:02:39,0.059258,0.074936,0.078028,0.043767
2004-02-13 08:12:39,0.060104,0.07615,0.081128,0.043832
2004-02-13 08:22:39,0.059884,0.07546,0.081519,0.043973
2004-02-13 08:32:39,0.060052,0.075006,0.079031,0.043597
2004-02-13 08:42:39,0.060548,0.07563,0.08204,0.04351
2004-02-13 08:52:39,0.061009,0.076224,0.080195,0.044106
2004-02-13 09:02:39,0.061487,0.075246,0.080922,0.0436
2004-02-13 09:12:39,0.061329,0.076667,0.08046,0.044433
2004-02-13 09:22:39,0.060149,0.076112,0.079764,0.043992
2004-02-13 09:32:39,0.061197,0.076722,0.080069,0.044654
2004-02-13 09:42:39,0.059392,0.075563,0.077146,0.042838
2004-02-13 09:52:39,0.060437,0.07584,0.07773,0.043917
2004-02-13 10:02:39,0.060983,0.075779,0.079886,0.044015
2004-02-13 10:12:39,0.060269,0.075714,0.080099,0.044153
2004-02-13 10:22:39,0.060636,0.07651,0.080952,0.043818
2004-02-13 10:32:39,0.05984,0.07508,0.08053,0.043945
2004-02-13 10:42:39,0.059756,0.076624,0.082401,0.043657
2004-02-13 10:52:39,0.060064,0.075802,0.079544,0.043694
2004-02-13 11:02:39,0.059673,0.075937,0.078586,0.044977
2004-02-13 11:12:39,0.059917,0.074877,0.077994,0.043643
2004-02-13 11:22:39,0.060454,0.076068,0.079682,0.043468
2004-02-13 11:32:39,0.059074,0.075135,0.078089,0.043891
2004-02-13 11:42:39,0.061994,0.075433,0.08012,0.044459
2004-02-13 11:52:39,0.060447,0.076248,0.079511,0.043843
2004-02-13 12:02:39,0.060251,0.075753,0.08078,0.044865
2004-02-13 12:12:39,0.060385,0.07533,0.078783,0.043779
2004-02-13 12:22:39,0.061078,0.075123,0.077513,0.043422
2004-02-13 12:32:39,0.061373,0.076863,0.081695,0.044475
2004-02-13 12:42:39,0.06201,0.076154,0.077539,0.043977
2004-02-13 12:52:39,0.060472,0.074789,0.079498,0.043396
2004-02-13 13:02:39,0.060984,0.075507,0.079217,0.043796
2004-02-13 13:12:39,0.060281,0.07527,0.07783,0.044399
2004-02-13 13:22:39,0.061897,0.076695,0.079403,0.04419
2004-02-13 13:32:39,0.060446,0.075192,0.077114,0.0443
2004-02-13 13:42:39,0.060856,0.076334,0.080895,0.043893
2004-02-13 13:52:39,0.060013,0.075302,0.076591,0.04345
2004-02-13 14:02:39,0.061262,0.075491,0.078893,0.042973
2004-02-13 14:12:39,0.060606,0.075922,0.079821,0.04391
2004-02-13 14:22:39,0.061083,0.076091,0.079827,0.043897
2004-02-13 14:32:39,0.061343,0.075987,0.078908,0.044306
2004-02-13 14:42:39,0.061139,0.076679,0.079097,0.044932
2004-02-13 14:52:39,0.060456,0.0748,0.077604,0.043135
2004-02-13 15:02:39,0.06176,0.075513,0.078774,0.043683
2004-02-13 15:12:39,0.06003,0.075344,0.077086,0.043551
2004-02-13 15:22:39,0.0596,0.075504,0.077681,0.043051
2004-02-13 15:32:39,0.060474,0.075148,0.076869,0.044094
2004-02-13 15:42:39,0.059729,0.075848,0.078287,0.043949
2004-02-13 15:52:39,0.06159,0.075971,0.078094,0.043982
2004-02-13 16:02:39,0.059642,0.075341,0.077927,0.043995
2004-02-13 16:12:39,0.059425,0.07496,0.077726,0.044445
2004-02-13 16:22:39,0.060486,0.075057,0.075988,0.043837
2004-02-13 16:32:39,0.060227,0.075259,0.077163,0.04358
2004-02-13 16:42:39,0.060191,0.075538,0.079712,0.043948
2004-02-13 16:52:39,0.059485,0.074592,0.077192,0.043131
2004-02-13 17:02:39,0.06154,0.07549,0.079127,0.044156
2004-02-13 17:12:39,0.060072,0.075656,0.079824,0.043456
2004-02-13 17:22:39,0.061409,0.075826,0.078579,0.044124
2004-02-13 17:32:39,0.060335,0.075846,0.081019,0.044061
2004-02-13 17:42:39,0.06182,0.075874,0.078944,0.045659
2004-02-13 17:52:39,0.059261,0.074926,0.076827,0.04355
2004-02-13 18:02:39,0.060584,0.075729,0.077699,0.044301
2004-02-13 18:12:39,0.059596,0.075079,0.077059,0.042941
2004-02-13 18:22:39,0.06156,0.074947,0.079189,0.044725
2004-02-13 18:32:39,0.06117,0.075275,0.076717,0.04438
2004-02-13 18:42:39,0.060976,0.075335,0.076531,0.044206
2004-02-13 18:52:39,0.061459,0.075422,0.080225,0.044671
2004-02-13 19:02:39,0.060092,0.075857,0.07878,0.044406
2004-02-13 19:12:39,0.059944,0.075792,0.080976,0.043321
2004-02-13 19:22:39,0.059244,0.073901,0.078509,0.042873
2004-02-13 19:32:39,0.060382,0.075941,0.078677,0.044087
2004-02-13 19:42:39,0.060474,0.074897,0.077739,0.044247
2004-02-13 19:52:39,0.062166,0.07611,0.079563,0.043987
2004-02-13 20:02:39,0.060529,0.074894,0.077815,0.044084
2004-02-13 20:12:39,0.060184,0.075952,0.079372,0.043324
2004-02-13 20:22:39,0.060938,0.075689,0.079279,0.044489
2004-02-13 20:32:39,0.059733,0.074364,0.078052,0.044239
2004-02-13 20:42:39,0.059665,0.075206,0.077323,0.043511
2004-02-13 20:52:39,0.059738,0.074568,0.077853,0.043918
2004-02-13 21:02:39,0.060895,0.075871,0.077167,0.044325
2004-02-13 21:12:39,0.060446,0.076086,0.077555,0.044854
2004-02-13 21:22:39,0.060672,0.073892,0.075866,0.043139
2004-02-13 21:32:39,0.059934,0.073886,0.077226,0.043313
2004-02-13 21:42:39,0.061668,0.075874,0.078941,0.044814
2004-02-13 21:52:39,0.060855,0.075413,0.079641,0.04414
2004-02-13 22:02:39,0.060808,0.074722,0.078544,0.042948
2004-02-13 22:12:39,0.061981,0.075919,0.080549,0.0448
2004-02-13 22:22:39,0.061028,0.075026,0.0784,0.044763
2004-02-13 22:32:39,0.060548,0.075247,0.077229,0.044763
2004-02-13 22:42:39,0.061289,0.075495,0.079613,0.044077
2004-02-13 22:52:39,0.061179,0.074688,0.077205,0.044075
2004-02-13 23:02:39,0.061738,0.075791,0.078434,0.044428
2004-02-13 23:12:39,0.061184,0.074755,0.076655,0.04378
2004-02-13 23:22:39,0.060833,0.074841,0.077788,0.04409
2004-02-13 23:32:39,0.05983,0.074892,0.077782,0.043486
2004-02-13 23:42:39,0.061067,0.074635,0.077966,0.043447
2004-02-13 23:52:39,0.061002,0.074126,0.078171,0.043681
2004-02-14 00:02:39,0.060414,0.074308,0.078069,0.044042
2004-02-14 00:12:39,0.059961,0.074678,0.077953,0.043557
2004-02-14 00:22:39,0.060194,0.074982,0.077626,0.044558
2004-02-14 00:32:39,0.061524,0.075551,0.077331,0.043913
2004-02-14 00:42:39,0.061169,0.07546,0.078992,0.044504
2004-02-14 00:52:39,0.060856,0.075051,0.076067,0.044689
2004-02-14 01:02:39,0.061241,0.074749,0.079081,0.045277
2004-02-14 01:12:39,0.060006,0.075069,0.075199,0.043815
2004-02-14 01:22:39,0.061501,0.075199,0.078563,0.045405
2004-02-14 01:32:39,0.060511,0.075356,0.076395,0.043385
2004-02-14 01:42:39,0.061435,0.074778,0.07651,0.044046
2004-02-14 01:52:39,0.061868,0.075021,0.079235,0.043855
2004-02-14 02:02:39,0.06162,0.075596,0.077451,0.044052
2004-02-14 02:12:39,0.060885,0.075129,0.077925,0.044743
2004-02-14 02:22:39,0.060745,0.074669,0.077511,0.043933
2004-02-14 02:32:39,0.061348,0.074798,0.077162,0.043666
2004-02-14 02:42:39,0.060208,0.073752,0.077859,0.043969
2004-02-14 02:52:39,0.060878,0.07506,0.080038,0.04515
2004-02-14 03:02:39,0.059485,0.074018,0.076059,0.043871
2004-02-14 03:12:39,0.060625,0.075964,0.077,0.043996
2004-02-14 03:22:39,0.061269,0.075373,0.079684,0.04442
2004-02-14 03:32:39,0.059715,0.075556,0.080258,0.044595
2004-02-14 03:42:39,0.060783,0.075281,0.076982,0.04479
2004-02-14 03:52:39,0.060065,0.074863,0.080951,0.044784
2004-02-14 04:02:39,0.060132,0.076038,0.077884,0.044472
2004-02-14 04:12:39,0.059832,0.074481,0.076453,0.043974
2004-02-14 04:22:39,0.059942,0.075703,0.076839,0.044329
2004-02-14 04:32:39,0.061769,0.075205,0.078289,0.043908
2004-02-14 04:42:39,0.060618,0.074762,0.077772,0.043842
2004-02-14 04:52:39,0.060333,0.074928,0.078385,0.044326
2004-02-14 05:02:39,0.060551,0.075571,0.078127,0.044465
2004-02-14 05:12:39,0.060466,0.075523,0.077232,0.044004
2004-02-14 05:22:39,0.060803,0.075408,0.077551,0.044787
2004-02-14 05:32:39,0.059502,0.074155,0.076557,0.043588
2004-02-14 05:42:39,0.061729,0.07619,0.078904,0.043791
2004-02-14 05:52:39,0.061144,0.075473,0.077748,0.044414
2004-02-14 06:02:39,0.061067,0.07541,0.077121,0.04394
2004-02-14 06:12:39,0.061124,0.074496,0.07776,0.044272
2004-02-14 06:22:39,0.059735,0.073983,0.078685,0.04322
2004-02-14 06:32:39,0.059893,0.075133,0.077931,0.043522
2004-02-14 06:42:39,0.061934,0.074398,0.078376,0.04406
2004-02-14 06:52:39,0.061505,0.075127,0.076554,0.043808
2004-02-14 07:02:39,0.06125,0.075462,0.078434,0.044721
2004-02-14 07:12:39,0.061624,0.074914,0.07958,0.043949
2004-02-14 07:22:39,0.059833,0.075045,0.078571,0.043931
2004-02-14 07:32:39,0.060171,0.074792,0.077264,0.044603
2004-02-14 07:42:39,0.061062,0.074866,0.077515,0.043199
2004-02-14 07:52:39,0.061518,0.074749,0.076309,0.044899
2004-02-14 08:02:39,0.060233,0.074952,0.077158,0.043799
2004-02-14 08:12:39,0.061497,0.074624,0.078984,0.044156
2004-02-14 08:22:39,0.061528,0.074922,0.077548,0.044625
2004-02-14 08:32:39,0.062093,0.074996,0.0778,0.044117
2004-02-14 08:42:39,0.060525,0.074626,0.075941,0.043775
2004-02-14 08:52:39,0.061783,0.074485,0.076533,0.044125
2004-02-14 09:02:39,0.060192,0.074239,0.074968,0.043918
2004-02-14 09:12:39,0.061219,0.074873,0.07678,0.043948
2004-02-14 09:22:39,0.060751,0.073947,0.077765,0.043906
2004-02-14 09:32:39,0.060482,0.072823,0.077332,0.043428
2004-02-14 09:42:39,0.06114,0.07424,0.078565,0.043568
2004-02-14 09:52:39,0.061594,0.07506,0.077101,0.044419
2004-02-14 10:02:39,0.05992,0.074072,0.075821,0.043871
2004-02-14 10:12:39,0.060994,0.075732,0.077634,0.043547
2004-02-14 10:22:39,0.059914,0.073965,0.076581,0.043572
2004-02-14 10:32:39,0.060802,0.075748,0.078172,0.044193
2004-02-14 10:42:39,0.060124,0.074332,0.075874,0.043823
2004-02-14 10:52:39,0.060858,0.075782,0.076552,0.04439
2004-02-14 11:02:39,0.060175,0.07369,0.07877,0.044275
2004-02-14 11:12:39,0.061315,0.075162,0.080282,0.045104
2004-02-14 11:22:39,0.060546,0.074584,0.081144,0.045275
2004-02-14 11:32:39,0.061403,0.075104,0.077774,0.044761
2004-02-14 11:42:39,0.06031,0.074152,0.077887,0.044624
2004-02-14 11:52:39,0.061759,0.074259,0.077899,0.044647
2004-02-14 12:02:39,0.060994,0.075593,0.081577,0.043969
2004-02-14 12:12:39,0.060787,0.075125,0.078856,0.045051
2004-02-14 12:22:39,0.061414,0.074615,0.078021,0.043866
2004-02-14 12:32:39,0.062449,0.075294,0.078125,0.044412
2004-02-14 12:42:39,0.059459,0.074923,0.078872,0.04369
2004-02-14 12:52:39,0.060735,0.074114,0.076913,0.044583
2004-02-14 13:02:39,0.059924,0.07451,0.077861,0.043507
2004-02-14 13:12:39,0.06184,0.074274,0.077314,0.04416
2004-02-14 13:22:39,0.060686,0.074054,0.07536,0.044244
2004-02-14 13:32:39,0.061264,0.074342,0.075918,0.044144
2004-02-14 13:42:39,0.060815,0.075341,0.076935,0.043965
2004-02-14 13:52:39,0.059996,0.073718,0.07647,0.044024
2004-02-14 14:02:39,0.061104,0.074583,0.07541,0.044967
2004-02-14 14:12:39,0.061575,0.075981,0.079004,0.044228
2004-02-14 14:22:39,0.062032,0.075797,0.078471,0.044364
2004-02-14 14:32:39,0.061577,0.074334,0.074244,0.043741
2004-02-14 14:42:39,0.060447,0.07434,0.075149,0.044547
2004-02-14 14:52:39,0.061389,0.074832,0.077115,0.044203
2004-02-14 15:02:39,0.060815,0.074033,0.077293,0.043104
2004-02-14 15:12:39,0.061808,0.074701,0.076394,0.043783
2004-02-14 15:22:39,0.060155,0.07388,0.077366,0.043658
2004-02-14 15:32:39,0.060738,0.074437,0.077056,0.043799
2004-02-14 15:42:39,0.060312,0.074332,0.075736,0.043264
2004-02-14 15:52:39,0.061462,0.074506,0.077542,0.043935
2004-02-14 16:02:39,0.061589,0.073372,0.077567,0.044077
2004-02-14 16:12:39,0.060126,0.0756,0.076104,0.04431
2004-02-14 16:22:39,0.061396,0.074134,0.076721,0.04413
2004-02-14 16:32:39,0.061448,0.075152,0.077242,0.043966
2004-02-14 16:42:39,0.060297,0.074452,0.077383,0.043867
2004-02-14 16:52:39,0.061688,0.075252,0.076325,0.043965
2004-02-14 17:02:39,0.059889,0.0739,0.078549,0.044593
2004-02-14 17:12:39,0.061402,0.075277,0.077836,0.043998
2004-02-14 17:22:39,0.061594,0.075003,0.076359,0.043877
2004-02-14 17:32:39,0.061065,0.074206,0.076612,0.044146
2004-02-14 17:42:39,0.060348,0.074655,0.077449,0.043886
2004-02-14 17:52:39,0.059197,0.07445,0.075756,0.044503
2004-02-14 18:02:39,0.059457,0.074066,0.075277,0.043644
2004-02-14 18:12:39,0.060334,0.074161,0.077071,0.043111
2004-02-14 18:22:39,0.061314,0.074532,0.076309,0.043953
2004-02-14 18:32:39,0.059258,0.074717,0.076416,0.044202
2004-02-14 18:42:39,0.062382,0.075517,0.077917,0.044348
2004-02-14 18:52:39,0.061403,0.074778,0.077779,0.044701
2004-02-14 19:02:39,0.061934,0.07469,0.077345,0.043787
2004-02-14 19:12:39,0.060972,0.075021,0.076514,0.044835
2004-02-14 19:22:39,0.060819,0.074555,0.075505,0.043418
2004-02-14 19:32:39,0.060481,0.074153,0.076464,0.04388
2004-02-14 19:42:39,0.060903,0.074237,0.078033,0.043947
2004-02-14 19:52:39,0.060322,0.072231,0.076571,0.044355
2004-02-14 20:02:39,0.06147,0.074326,0.077991,0.044375
2004-02-14 20:12:39,0.060385,0.074391,0.078229,0.044044
2004-02-14 20:22:39,0.061996,0.074112,0.077535,0.044386
2004-02-14 20:32:39,0.060783,0.072997,0.076163,0.044416
2004-02-14 20:42:39,0.060761,0.073719,0.075659,0.043155
2004-02-14 20:52:39,0.059587,0.072945,0.075802,0.042928
2004-02-14 21:02:39,0.060476,0.073422,0.077527,0.044094
2004-02-14 21:12:39,0.060765,0.074545,0.078436,0.044135
2004-02-14 21:22:39,0.060551,0.074708,0.076122,0.044126
2004-02-14 21:32:39,0.061156,0.074542,0.076468,0.044148
2004-02-14 21:42:39,0.059997,0.074504,0.074516,0.044014
2004-02-14 21:52:39,0.061824,0.075212,0.077734,0.043692
2004-02-14 22:02:39,0.061579,0.074752,0.077022,0.04415
2004-02-14 22:12:39,0.060127,0.074334,0.077196,0.043745
2004-02-14 22:22:39,0.060927,0.074763,0.076075,0.043748
2004-02-14 22:32:39,0.060427,0.074192,0.077169,0.043535
2004-02-14 22:42:39,0.059455,0.073147,0.074779,0.043355
2004-02-14 22:52:39,0.060606,0.07355,0.076615,0.043963
2004-02-14 23:02:39,0.061344,0.074098,0.077269,0.044407
2004-02-14 23:12:39,0.061218,0.074492,0.078164,0.044513
2004-02-14 23:22:39,0.060434,0.074921,0.077558,0.043831
2004-02-14 23:32:39,0.06096,0.074206,0.076618,0.044258
2004-02-14 23:42:39,0.061008,0.074813,0.07915,0.044158
2004-02-14 23:52:39,0.0606,0.074112,0.075681,0.043239
2004-02-15 00:02:39,0.061614,0.074014,0.076417,0.043768
2004-02-15 00:12:39,0.059738,0.073789,0.076821,0.043598
2004-02-15 00:22:39,0.05927,0.074537,0.074422,0.044364
2004-02-15 00:32:39,0.059804,0.073962,0.076217,0.043942
2004-02-15 00:42:39,0.06127,0.073597,0.076823,0.044045
2004-02-15 00:52:39,0.061434,0.074383,0.076193,0.043549
2004-02-15 01:02:39,0.060029,0.074469,0.079345,0.04358
2004-02-15 01:12:39,0.06138,0.074683,0.076304,0.045298
2004-02-15 01:22:39,0.060806,0.074038,0.075296,0.044109
2004-02-15 01:32:39,0.060474,0.073323,0.075532,0.043838
2004-02-15 01:42:39,0.059938,0.074233,0.075701,0.043446
2004-02-15 01:52:39,0.061775,0.073413,0.077169,0.043473
2004-02-15 02:02:39,0.061137,0.07478,0.080046,0.044364
2004-02-15 02:12:39,0.061119,0.073097,0.077216,0.043959
2004-02-15 02:22:39,0.060761,0.074484,0.078567,0.043183
2004-02-15 02:32:39,0.05935,0.072819,0.078042,0.043326
2004-02-15 02:42:39,0.060456,0.075041,0.077286,0.044459
2004-02-15 02:52:39,0.060123,0.073764,0.077582,0.043323
2004-02-15 03:02:39,0.059873,0.072759,0.075619,0.044783
2004-02-15 03:12:39,0.059212,0.074712,0.076581,0.043518
2004-02-15 03:22:39,0.061467,0.073433,0.078219,0.044427
2004-02-15 03:32:39,0.061617,0.074645,0.075996,0.044278
2004-02-15 03:42:39,0.061251,0.073751,0.077136,0.043652
2004-02-15 03:52:39,0.061407,0.075499,0.078063,0.044265
2004-02-15 04:02:39,0.062248,0.074887,0.077426,0.043311
2004-02-15 04:12:39,0.061874,0.075081,0.076888,0.043776
2004-02-15 04:22:39,0.060895,0.074323,0.076659,0.044265
2004-02-15 04:32:39,0.060629,0.074858,0.077184,0.044108
2004-02-15 04:42:39,0.061671,0.073925,0.076621,0.043784
2004-02-15 04:52:39,0.058806,0.073129,0.074209,0.043361
2004-02-15 05:02:39,0.060977,0.074059,0.078599,0.043699
2004-02-15 05:12:39,0.0609,0.074165,0.07703,0.043897
2004-02-15 05:22:39,0.059428,0.073106,0.075479,0.04344
2004-02-15 05:32:39,0.060447,0.07449,0.077615,0.043218
2004-02-15 05:42:39,0.058293,0.072642,0.073929,0.043506
2004-02-15 05:52:39,0.060828,0.073486,0.075211,0.044238
2004-02-15 06:02:39,0.06046,0.07384,0.076907,0.044406
2004-02-15 06:12:39,0.060357,0.074664,0.075705,0.043424
2004-02-15 06:22:39,0.060024,0.072517,0.075792,0.043638
2004-02-15 06:32:39,0.060302,0.073628,0.078041,0.043355
2004-02-15 06:42:39,0.05998,0.073317,0.076726,0.044677
2004-02-15 06:52:39,0.060739,0.073129,0.076698,0.043698
2004-02-15 07:02:39,0.060747,0.075227,0.076516,0.044317
2004-02-15 07:12:39,0.060095,0.073961,0.076602,0.04356
2004-02-15 07:22:39,0.060083,0.072142,0.07531,0.044188
2004-02-15 07:32:39,0.060696,0.074086,0.077586,0.043646
2004-02-15 07:42:39,0.060731,0.073992,0.077205,0.043926
2004-02-15 07:52:39,0.060632,0.073767,0.07685,0.043336
2004-02-15 08:02:39,0.061343,0.073817,0.076015,0.043956
2004-02-15 08:12:39,0.06062,0.073126,0.076696,0.04438
2004-02-15 08:22:39,0.060357,0.073102,0.075491,0.043016
2004-02-15 08:32:39,0.060161,0.074403,0.077679,0.044457
2004-02-15 08:42:39,0.061543,0.074541,0.076868,0.043869
2004-02-15 08:52:39,0.060791,0.073527,0.076935,0.044001
2004-02-15 09:02:39,0.060598,0.074465,0.078296,0.043692
2004-02-15 09:12:39,0.060271,0.074156,0.075688,0.043769
2004-02-15 09:22:39,0.061246,0.07474,0.0778,0.044334
2004-02-15 09:32:39,0.060655,0.073844,0.076423,0.044212
2004-02-15 09:42:39,0.060509,0.073524,0.077379,0.043251
2004-02-15 09:52:39,0.059881,0.073678,0.076381,0.045048
2004-02-15 10:02:39,0.060685,0.07463,0.077233,0.044176
2004-02-15 10:12:39,0.061263,0.073831,0.076367,0.04386
2004-02-15 10:22:39,0.061238,0.073843,0.076258,0.04389
2004-02-15 10:32:39,0.060958,0.074498,0.076286,0.043231
2004-02-15 10:42:39,0.060306,0.073229,0.075187,0.04328
2004-02-15 10:52:39,0.061289,0.074113,0.076944,0.04379
2004-02-15 11:02:39,0.061653,0.07476,0.076068,0.043549
2004-02-15 11:12:39,0.060571,0.073734,0.078335,0.044991
2004-02-15 11:22:39,0.060181,0.072934,0.07665,0.043537
2004-02-15 11:32:39,0.061555,0.074991,0.074939,0.044545
2004-02-15 11:42:39,0.061789,0.073755,0.07619,0.04405
2004-02-15 11:52:39,0.060815,0.074146,0.078239,0.043643
2004-02-15 12:02:39,0.061249,0.073958,0.075849,0.043488
2004-02-15 12:12:39,0.060543,0.073486,0.076079,0.043941
2004-02-15 12:22:39,0.060525,0.074385,0.078146,0.044175
2004-02-15 12:32:39,0.060918,0.07334,0.077641,0.042916
2004-02-15 12:42:39,0.061788,0.074203,0.079593,0.044318
2004-02-15 12:52:39,0.06165,0.074329,0.075824,0.043741
2004-02-15 13:02:39,0.061666,0.074046,0.076447,0.044804
2004-02-15 13:12:39,0.059931,0.074049,0.075501,0.044023
2004-02-15 13:22:39,0.059951,0.073972,0.076822,0.043494
2004-02-15 13:32:39,0.060586,0.074441,0.077078,0.044252
2004-02-15 13:42:39,0.062082,0.074577,0.077463,0.043865
2004-02-15 13:52:39,0.060752,0.074316,0.077033,0.043081
2004-02-15 14:02:39,0.062053,0.074258,0.077879,0.043899
2004-02-15 14:12:39,0.062129,0.074092,0.077455,0.044021
2004-02-15 14:22:39,0.06188,0.073691,0.0759,0.044326
2004-02-15 14:32:39,0.061169,0.073758,0.074654,0.044229
2004-02-15 14:42:39,0.060834,0.074228,0.076127,0.043882
2004-02-15 14:52:39,0.062807,0.075039,0.076955,0.044901
2004-02-15 15:02:39,0.062,0.073814,0.078164,0.044578
2004-02-15 15:12:39,0.061617,0.074648,0.076162,0.044315
2004-02-15 15:22:39,0.062515,0.075023,0.080418,0.045117
2004-02-15 15:32:39,0.061451,0.07522,0.078205,0.044071
2004-02-15 15:42:39,0.060869,0.073415,0.076555,0.044133
2004-02-15 15:52:39,0.061033,0.07396,0.076298,0.043325
2004-02-15 16:02:39,0.060006,0.073072,0.075119,0.043666
2004-02-15 16:12:39,0.061141,0.074309,0.078467,0.043382
2004-02-15 16:22:39,0.060399,0.072561,0.076809,0.043621
2004-02-15 16:32:39,0.061629,0.07415,0.078637,0.044421
2004-02-15 16:42:39,0.059662,0.073157,0.075953,0.042868
2004-02-15 16:52:39,0.060507,0.074214,0.077983,0.043822
2004-02-15 17:02:39,0.060944,0.074369,0.075932,0.044549
2004-02-15 17:12:39,0.061736,0.073943,0.076144,0.043504
2004-02-15 17:22:39,0.059964,0.072442,0.076272,0.044526
2004-02-15 17:32:39,0.062057,0.074859,0.07609,0.043532
2004-02-15 17:42:39,0.061358,0.073387,0.077303,0.043579
2004-02-15 17:52:39,0.060735,0.073938,0.077262,0.043671
2004-02-15 18:02:39,0.061095,0.072919,0.076178,0.044354
2004-02-15 18:12:39,0.06069,0.073661,0.077354,0.043167
2004-02-15 18:22:39,0.061177,0.073997,0.078577,0.043384
2004-02-15 18:32:39,0.059515,0.072909,0.076542,0.043481
2004-02-15 18:42:39,0.06045,0.073556,0.076994,0.043711
2004-02-15 18:52:39,0.060219,0.074479,0.075767,0.043924
2004-02-15 19:02:39,0.059548,0.073522,0.076333,0.044297
2004-02-15 19:12:39,0.060601,0.072853,0.077094,0.043582
2004-02-15 19:22:39,0.0602,0.07403,0.076644,0.043655
2004-02-15 19:32:39,0.060284,0.072586,0.076425,0.043939
2004-02-15 19:42:39,0.059932,0.073057,0.076638,0.044275
2004-02-15 19:52:39,0.061803,0.074445,0.077395,0.044165
2004-02-15 20:02:39,0.059112,0.073294,0.075331,0.043487
2004-02-15 20:12:39,0.059397,0.073232,0.075815,0.042777
2004-02-15 20:22:39,0.06098,0.073032,0.076006,0.044228
2004-02-15 20:32:39,0.061084,0.073051,0.076065,0.044467
2004-02-15 20:42:39,0.06146,0.073409,0.075827,0.044062
2004-02-15 20:52:39,0.060131,0.073293,0.073834,0.043315
2004-02-15 21:02:39,0.061262,0.073111,0.074962,0.043507
2004-02-15 21:12:39,0.060784,0.073125,0.07665,0.04446
2004-02-15 21:22:39,0.061648,0.074134,0.077579,0.044887
2004-02-15 21:32:39,0.060717,0.074246,0.076726,0.04343
2004-02-15 21:42:39,0.060461,0.07307,0.078121,0.043076
2004-02-15 21:52:39,0.05983,0.072284,0.075137,0.043882
2004-02-15 22:02:39,0.061133,0.073625,0.075626,0.043731
2004-02-15 22:12:39,0.06145,0.073311,0.077276,0.043763
2004-02-15 22:22:39,0.061097,0.074635,0.077049,0.043688
2004-02-15 22:32:39,0.062564,0.0745,0.077173,0.044617
2004-02-15 22:42:39,0.06139,0.074397,0.077455,0.044105
2004-02-15 22:52:39,0.061983,0.073717,0.076205,0.044266
2004-02-15 23:02:39,0.062388,0.074656,0.077634,0.044167
2004-02-15 23:12:39,0.062485,0.074162,0.076728,0.043699
2004-02-15 23:22:39,0.06156,0.074548,0.076465,0.044014
2004-02-15 23:32:39,0.061186,0.074021,0.076368,0.043787
2004-02-15 23:42:39,0.061323,0.073325,0.079326,0.043319
2004-02-15 23:52:39,0.064163,0.074462,0.077924,0.044518
2004-02-16 00:02:39,0.06075,0.073684,0.07703,0.04421
2004-02-16 00:12:39,0.061644,0.072591,0.076425,0.044188
2004-02-16 00:22:39,0.06091,0.073554,0.077086,0.044406
2004-02-16 00:32:39,0.061635,0.072986,0.076634,0.043631
2004-02-16 00:42:39,0.061127,0.07399,0.077778,0.043751
2004-02-16 00:52:39,0.05953,0.073179,0.077119,0.043034
2004-02-16 01:02:39,0.061533,0.073514,0.076274,0.043683
2004-02-16 01:12:39,0.062039,0.073617,0.07782,0.044071
2004-02-16 01:22:39,0.060091,0.073072,0.076263,0.043242
2004-02-16 01:32:39,0.061567,0.073101,0.076761,0.044151
2004-02-16 01:42:39,0.062802,0.074178,0.079142,0.044832
2004-02-16 01:52:39,0.062654,0.073911,0.076425,0.044193
2004-02-16 02:02:39,0.062994,0.074505,0.076728,0.045015
2004-02-16 02:12:39,0.061489,0.073502,0.076863,0.043877
2004-02-16 02:22:39,0.062046,0.073396,0.077164,0.0443
2004-02-16 02:32:39,0.061701,0.074034,0.077076,0.044073
2004-02-16 02:42:39,0.06129,0.072111,0.07698,0.043574
2004-02-16 02:52:39,0.062704,0.074611,0.077442,0.044794
2004-02-16 03:02:39,0.060869,0.0732,0.076512,0.044117
2004-02-16 03:12:39,0.064636,0.074007,0.077669,0.044793
2004-02-16 03:22:39,0.066211,0.074824,0.077529,0.044727
2004-02-16 03:32:39,0.066477,0.073882,0.076073,0.044126
2004-02-16 03:42:39,0.065579,0.072858,0.076136,0.044806
2004-02-16 03:52:39,0.065424,0.074339,0.075786,0.044496
2004-02-16 04:02:39,0.066267,0.07299,0.077157,0.044458
2004-02-16 04:12:39,0.067622,0.075572,0.079595,0.045919
2004-02-16 04:22:39,0.066467,0.074468,0.077677,0.045563
2004-02-16 04:32:39,0.065142,0.073876,0.078375,0.044365
2004-02-16 04:42:39,0.065738,0.07396,0.076778,0.044458
2004-02-16 04:52:39,0.066112,0.074162,0.077073,0.044462
2004-02-16 05:02:39,0.067156,0.073676,0.077676,0.044636
2004-02-16 05:12:39,0.066329,0.073549,0.075654,0.044043
2004-02-16 05:22:39,0.06813,0.07401,0.075499,0.044563
2004-02-16 05:32:39,0.066585,0.073009,0.076761,0.044568
2004-02-16 05:42:39,0.067205,0.074071,0.077894,0.044525
2004-02-16 05:52:39,0.068267,0.073837,0.076658,0.044431
2004-02-16 06:02:39,0.06851,0.075117,0.076998,0.044525
2004-02-16 06:12:39,0.068842,0.074527,0.078561,0.045681
2004-02-16 06:22:39,0.067407,0.07479,0.077088,0.04481
2004-02-16 06:32:39,0.067038,0.073538,0.07674,0.045433
2004-02-16 06:42:39,0.068064,0.073918,0.077063,0.044155
2004-02-16 06:52:39,0.068805,0.074258,0.079605,0.044312
2004-02-16 07:02:39,0.069295,0.073261,0.07653,0.04468
2004-02-16 07:12:39,0.067457,0.072691,0.075833,0.043586
2004-02-16 07:22:39,0.070138,0.073863,0.077014,0.044883
2004-02-16 07:32:39,0.06725,0.073147,0.074085,0.04447
2004-02-16 07:42:39,0.06929,0.074515,0.076317,0.044329
2004-02-16 07:52:39,0.069775,0.07378,0.076917,0.044805
2004-02-16 08:02:39,0.06872,0.07409,0.076546,0.044408
2004-02-16 08:12:39,0.068663,0.073719,0.07664,0.04478
2004-02-16 08:22:39,0.069814,0.074754,0.07578,0.044492
2004-02-16 08:32:39,0.067802,0.073474,0.077168,0.044139
2004-02-16 08:42:39,0.069246,0.074081,0.076581,0.044237
2004-02-16 08:52:39,0.068674,0.07455,0.07771,0.045165
2004-02-16 09:02:39,0.068174,0.073137,0.076443,0.044162
2004-02-16 09:12:39,0.068066,0.072616,0.076368,0.044726
2004-02-16 09:22:39,0.06942,0.074628,0.076322,0.044794
2004-02-16 09:32:39,0.069055,0.07378,0.078397,0.043938
2004-02-16 09:42:39,0.070401,0.074369,0.077283,0.044329
2004-02-16 09:52:39,0.069289,0.073971,0.075253,0.044117
2004-02-16 10:02:39,0.068652,0.0737,0.0793,0.044246
2004-02-16 10:12:39,0.070035,0.073293,0.076752,0.04411
2004-02-16 10:22:39,0.069951,0.075315,0.079478,0.044388
2004-02-16 10:32:39,0.068791,0.074182,0.076683,0.044256
2004-02-16 10:42:39,0.069293,0.073993,0.075874,0.044661
2004-02-16 10:52:39,0.07017,0.073781,0.075677,0.043986
2004-02-16 11:02:39,0.071073,0.07528,0.076103,0.045734
2004-02-16 11:12:39,0.070358,0.073611,0.076694,0.044053
2004-02-16 11:22:39,0.071536,0.074329,0.076964,0.044478
2004-02-16 11:32:39,0.070353,0.073257,0.075813,0.044369
2004-02-16 11:42:39,0.071685,0.074379,0.078297,0.045289
2004-02-16 11:52:39,0.069494,0.073268,0.076782,0.044255
2004-02-16 12:02:39,0.070391,0.07363,0.075419,0.04443
2004-02-16 12:12:39,0.071242,0.074396,0.076485,0.045193
2004-02-16 12:22:39,0.071755,0.073817,0.077533,0.045543
2004-02-16 12:32:39,0.070197,0.073783,0.076172,0.044356
2004-02-16 12:42:39,0.071435,0.074246,0.077502,0.045366
2004-02-16 12:52:39,0.070896,0.073629,0.075165,0.044996
2004-02-16 13:02:39,0.070181,0.073543,0.075843,0.043986
2004-02-16 13:12:39,0.070282,0.074091,0.077212,0.044198
2004-02-16 13:22:39,0.0715,0.074388,0.076079,0.045283
2004-02-16 13:32:39,0.072059,0.074781,0.076842,0.045188
2004-02-16 13:42:39,0.070614,0.073171,0.076625,0.044909
2004-02-16 13:52:39,0.071648,0.074527,0.076066,0.044068
2004-02-16 14:02:39,0.071238,0.07489,0.078633,0.044439
2004-02-16 14:12:39,0.070971,0.075272,0.077414,0.044537
2004-02-16 14:22:39,0.071173,0.074365,0.07742,0.044719
2004-02-16 14:32:39,0.071217,0.074022,0.078477,0.044958
2004-02-16 14:42:39,0.072997,0.074185,0.074726,0.0445
2004-02-16 14:52:39,0.072085,0.07394,0.076082,0.043819
2004-02-16 15:02:39,0.071552,0.07464,0.076728,0.044629
2004-02-16 15:12:39,0.071476,0.073993,0.075887,0.044543
2004-02-16 15:22:39,0.073186,0.074673,0.078189,0.044189
2004-02-16 15:32:39,0.07248,0.074227,0.075744,0.043243
2004-02-16 15:42:39,0.072833,0.075548,0.076985,0.044926
2004-02-16 15:52:39,0.0738,0.075309,0.078902,0.045018
2004-02-16 16:02:39,0.074242,0.074387,0.077434,0.044322
2004-02-16 16:12:39,0.07492,0.075053,0.076443,0.045559
2004-02-16 16:22:39,0.073812,0.074715,0.075637,0.044425
2004-02-16 16:32:39,0.073848,0.074475,0.07632,0.045284
2004-02-16 16:42:39,0.074527,0.073359,0.078001,0.04475
2004-02-16 16:52:39,0.075197,0.075316,0.076453,0.045384
2004-02-16 17:02:39,0.075104,0.074035,0.076392,0.045433
2004-02-16 17:12:39,0.073551,0.074752,0.076082,0.045101
2004-02-16 17:22:39,0.074104,0.074779,0.077164,0.045732
2004-02-16 17:32:39,0.074142,0.075336,0.078139,0.045526
2004-02-16 17:42:39,0.073733,0.075244,0.077129,0.045192
2004-02-16 17:52:39,0.072255,0.074056,0.074516,0.044298
2004-02-16 18:02:39,0.076612,0.07437,0.077859,0.046066
2004-02-16 18:12:39,0.073933,0.074657,0.07683,0.044926
2004-02-16 18:22:39,0.074217,0.073965,0.077853,0.045113
2004-02-16 18:32:39,0.075319,0.075098,0.078206,0.044947
2004-02-16 18:42:39,0.075016,0.075328,0.075994,0.044822
2004-02-16 18:52:39,0.074843,0.074141,0.075325,0.045113
2004-02-16 19:02:39,0.074834,0.074064,0.076235,0.044604
2004-02-16 19:12:39,0.074585,0.075774,0.077363,0.045653
2004-02-16 19:22:39,0.074506,0.073361,0.077936,0.045115
2004-02-16 19:32:39,0.072593,0.074808,0.076491,0.044825
2004-02-16 19:42:39,0.07594,0.07429,0.076297,0.045376
2004-02-16 19:52:39,0.07557,0.073726,0.080041,0.045379
2004-02-16 20:02:39,0.073051,0.07333,0.076548,0.044765
2004-02-16 20:12:39,0.074896,0.074676,0.076654,0.04539
2004-02-16 20:22:39,0.074068,0.073275,0.076996,0.045536
2004-02-16 20:32:39,0.075969,0.07404,0.075357,0.044715
2004-02-16 20:42:39,0.075798,0.073404,0.076738,0.044976
2004-02-16 20:52:39,0.073454,0.074846,0.075354,0.045311
2004-02-16 21:02:39,0.075857,0.074522,0.07773,0.045053
2004-02-16 21:12:39,0.076569,0.074278,0.07574,0.044796
2004-02-16 21:22:39,0.07685,0.07337,0.075881,0.045193
2004-02-16 21:32:39,0.076419,0.075022,0.075658,0.045351
2004-02-16 21:42:39,0.075783,0.073869,0.075503,0.044981
2004-02-16 21:52:39,0.075695,0.074754,0.076397,0.044773
2004-02-16 22:02:39,0.075299,0.074694,0.076374,0.045144
2004-02-16 22:12:39,0.076308,0.074435,0.077583,0.045066
2004-02-16 22:22:39,0.078939,0.074512,0.078528,0.045197
2004-02-16 22:32:39,0.081472,0.073661,0.076269,0.045967
2004-02-16 22:42:39,0.080391,0.07407,0.078105,0.045525
2004-02-16 22:52:39,0.080961,0.07537,0.076636,0.046268
2004-02-16 23:02:39,0.081401,0.074507,0.075463,0.045381
2004-02-16 23:12:39,0.079971,0.073939,0.076185,0.045735
2004-02-16 23:22:39,0.080768,0.074542,0.07607,0.046785
2004-02-16 23:32:39,0.081669,0.074188,0.076674,0.044865
2004-02-16 23:42:39,0.078493,0.074443,0.077293,0.045976
2004-02-16 23:52:39,0.081674,0.073787,0.076076,0.046
2004-02-17 00:02:39,0.08147,0.074076,0.077797,0.04608
2004-02-17 00:12:39,0.080109,0.073997,0.077927,0.045424
2004-02-17 00:22:39,0.080792,0.074759,0.07931,0.04584
2004-02-17 00:32:39,0.080128,0.074863,0.0762,0.046543
2004-02-17 00:42:39,0.081804,0.074634,0.075421,0.046226
2004-02-17 00:52:39,0.081936,0.07459,0.077737,0.047351
2004-02-17 01:02:39,0.080617,0.07338,0.074952,0.046038
2004-02-17 01:12:39,0.079799,0.073849,0.075388,0.045895
2004-02-17 01:22:39,0.081451,0.073903,0.07679,0.046213
2004-02-17 01:32:39,0.081733,0.07365,0.077263,0.047464
2004-02-17 01:42:39,0.080724,0.074157,0.075544,0.045436
2004-02-17 01:52:39,0.079434,0.073574,0.074184,0.046092
2004-02-17 02:02:39,0.082138,0.073945,0.076535,0.045999
2004-02-17 02:12:39,0.081458,0.073275,0.076124,0.046789
2004-02-17 02:22:39,0.080756,0.075134,0.07731,0.045635
2004-02-17 02:32:39,0.079213,0.075179,0.078229,0.045523
2004-02-17 02:42:39,0.078345,0.074181,0.079002,0.046179
2004-02-17 02:52:39,0.080401,0.074686,0.075582,0.046579
2004-02-17 03:02:39,0.078907,0.074106,0.076493,0.045755
2004-02-17 03:12:39,0.080186,0.07399,0.076042,0.045639
2004-02-17 03:22:39,0.081036,0.075279,0.077712,0.046037
2004-02-17 03:32:39,0.080957,0.075388,0.075936,0.046348
2004-02-17 03:42:39,0.079128,0.074706,0.075866,0.046033
2004-02-17 03:52:39,0.08005,0.074674,0.077602,0.045748
2004-02-17 04:02:39,0.08032,0.073946,0.075122,0.045168
2004-02-17 04:12:39,0.08035,0.074701,0.07558,0.045736
2004-02-17 04:22:39,0.080122,0.073907,0.075985,0.046371
2004-02-17 04:32:39,0.080853,0.074641,0.075941,0.04608
2004-02-17 04:42:39,0.081829,0.073369,0.075328,0.045672
2004-02-17 04:52:39,0.081478,0.075082,0.07687,0.046328
2004-02-17 05:02:39,0.080637,0.073464,0.076001,0.045623
2004-02-17 05:12:39,0.080525,0.076581,0.077208,0.046529
2004-02-17 05:22:39,0.080937,0.074446,0.076788,0.046425
2004-02-17 05:32:39,0.080571,0.074969,0.077294,0.046132
2004-02-17 05:42:39,0.081547,0.074746,0.075687,0.046805
2004-02-17 05:52:39,0.081895,0.074132,0.07847,0.045747
2004-02-17 06:02:39,0.082332,0.075154,0.077087,0.046728
2004-02-17 06:12:39,0.081076,0.075199,0.076424,0.046209
2004-02-17 06:22:39,0.080707,0.074893,0.075366,0.045914
2004-02-17 06:32:39,0.081558,0.075785,0.076904,0.046506
2004-02-17 06:42:39,0.082789,0.074438,0.076138,0.045348
2004-02-17 06:52:39,0.081431,0.07435,0.075652,0.045165
2004-02-17 07:02:39,0.083783,0.076023,0.077264,0.046645
2004-02-17 07:12:39,0.085707,0.074827,0.076989,0.046758
2004-02-17 07:22:39,0.090002,0.075243,0.076362,0.047688
2004-02-17 07:32:39,0.116484,0.07749,0.080993,0.050847
2004-02-17 07:42:39,0.119795,0.078154,0.08144,0.051278
2004-02-17 07:52:39,0.120304,0.077344,0.078225,0.051188
2004-02-17 08:02:39,0.118442,0.077961,0.079342,0.051341
2004-02-17 08:12:39,0.117368,0.076851,0.078216,0.051335
2004-02-17 08:22:39,0.121048,0.077387,0.079106,0.049966
2004-02-17 08:32:39,0.117347,0.077881,0.079476,0.051567
2004-02-17 08:42:39,0.11516,0.078151,0.080933,0.050453
2004-02-17 08:52:39,0.121007,0.077503,0.078681,0.051001
2004-02-17 09:02:39,0.117633,0.081854,0.080243,0.050944
2004-02-17 09:12:39,0.117988,0.077083,0.077906,0.050646
2004-02-17 09:22:39,0.118264,0.077643,0.079768,0.051683
2004-02-17 09:32:39,0.118877,0.077743,0.079317,0.051027
2004-02-17 09:42:39,0.11847,0.077735,0.077473,0.050527
2004-02-17 09:52:39,0.11374,0.07739,0.079645,0.051415
2004-02-17 10:02:39,0.11534,0.077677,0.077956,0.050899
2004-02-17 10:12:39,0.115405,0.077525,0.078693,0.051231
2004-02-17 10:22:39,0.117732,0.077462,0.0792,0.050654
2004-02-17 10:32:39,0.114373,0.0769,0.078408,0.051542
2004-02-17 10:42:39,0.115791,0.076643,0.077749,0.050334
2004-02-17 10:52:39,0.113907,0.077304,0.077199,0.050906
2004-02-17 11:02:39,0.114886,0.077722,0.078469,0.050532
2004-02-17 11:12:39,0.113602,0.077581,0.079285,0.051856
2004-02-17 11:22:39,0.117945,0.078266,0.079852,0.051402
2004-02-17 11:32:39,0.117307,0.077463,0.078775,0.051802
2004-02-17 11:42:39,0.115171,0.078391,0.079338,0.051856
2004-02-17 11:52:39,0.115094,0.07753,0.077422,0.051184
2004-02-17 12:02:39,0.1164,0.077677,0.077425,0.050382
2004-02-17 12:12:39,0.116235,0.077669,0.078252,0.051779
2004-02-17 12:22:39,0.109658,0.077849,0.07997,0.050908
2004-02-17 12:32:39,0.113896,0.077958,0.078257,0.050616
2004-02-17 12:42:39,0.110438,0.07726,0.078412,0.050616
2004-02-17 12:52:39,0.111178,0.078379,0.078589,0.051151
2004-02-17 13:02:39,0.109776,0.078018,0.07945,0.049806
2004-02-17 13:12:39,0.110094,0.07729,0.079156,0.050089
2004-02-17 13:22:39,0.1105,0.077983,0.078262,0.05135
2004-02-17 13:32:39,0.103776,0.076847,0.078615,0.050462
2004-02-17 13:42:39,0.101586,0.075822,0.077955,0.050429
2004-02-17 13:52:39,0.106603,0.077271,0.079286,0.051179
2004-02-17 14:02:39,0.104299,0.077761,0.077363,0.050451
2004-02-17 14:12:39,0.104159,0.077199,0.078031,0.050594
2004-02-17 14:22:39,0.100057,0.078181,0.07926,0.050198
2004-02-17 14:32:39,0.101478,0.07883,0.077208,0.050651
2004-02-17 14:42:39,0.101193,0.078101,0.078519,0.049795
2004-02-17 14:52:39,0.103381,0.077848,0.078329,0.049514
2004-02-17 15:02:39,0.100471,0.078355,0.079524,0.050327
2004-02-17 15:12:39,0.101998,0.077999,0.079737,0.051
2004-02-17 15:22:39,0.096234,0.078252,0.078931,0.049564
2004-02-17 15:32:39,0.102073,0.077923,0.077596,0.050571
2004-02-17 15:42:39,0.100901,0.077888,0.079414,0.049661
2004-02-17 15:52:39,0.097949,0.077483,0.078475,0.050203
2004-02-17 16:02:39,0.099163,0.078358,0.077103,0.050183
2004-02-17 16:12:39,0.098114,0.077719,0.078838,0.050237
2004-02-17 16:22:39,0.096346,0.078325,0.079873,0.050582
2004-02-17 16:32:39,0.094584,0.076387,0.077989,0.049489
2004-02-17 16:42:39,0.092754,0.076866,0.077664,0.049431
2004-02-17 16:52:39,0.092948,0.078141,0.077778,0.050034
2004-02-17 17:02:39,0.091747,0.078314,0.07839,0.050169
2004-02-17 17:12:39,0.091413,0.076049,0.078446,0.048905
2004-02-17 17:22:39,0.089956,0.077923,0.078699,0.049496
2004-02-17 17:32:39,0.08809,0.077807,0.081668,0.050617
2004-02-17 17:42:39,0.088083,0.077351,0.078829,0.048751
2004-02-17 17:52:39,0.085102,0.077032,0.077751,0.049333
2004-02-17 18:02:39,0.0849,0.077037,0.077206,0.047849
2004-02-17 18:12:39,0.084335,0.077093,0.079388,0.048744
2004-02-17 18:22:39,0.084263,0.076826,0.077123,0.048677
2004-02-17 18:32:39,0.083739,0.077029,0.079499,0.05019
2004-02-17 18:42:39,0.083945,0.078042,0.080862,0.04861
2004-02-17 18:52:39,0.08375,0.077684,0.078007,0.048635
2004-02-17 19:02:39,0.0816,0.077289,0.077982,0.049524
2004-02-17 19:12:39,0.082107,0.077376,0.077862,0.049176
2004-02-17 19:22:39,0.082465,0.077612,0.07849,0.048212
2004-02-17 19:32:39,0.080774,0.077982,0.077726,0.048181
2004-02-17 19:42:39,0.080039,0.078925,0.079846,0.04832
2004-02-17 19:52:39,0.081643,0.078959,0.078311,0.049011
2004-02-17 20:02:39,0.081171,0.078607,0.081654,0.04831
2004-02-17 20:12:39,0.079938,0.07761,0.078895,0.048854
2004-02-17 20:22:39,0.079495,0.078797,0.080788,0.048005
2004-02-17 20:32:39,0.079185,0.078219,0.078648,0.048926
2004-02-17 20:42:39,0.076782,0.077728,0.078351,0.048101
2004-02-17 20:52:39,0.079167,0.078449,0.077933,0.048662
2004-02-17 21:02:39,0.078237,0.079302,0.078144,0.047831
2004-02-17 21:12:39,0.07804,0.07747,0.078421,0.048032
2004-02-17 21:22:39,0.076976,0.078211,0.079762,0.048329
2004-02-17 21:32:39,0.079291,0.078499,0.080143,0.048138
2004-02-17 21:42:39,0.077523,0.078364,0.078591,0.047164
2004-02-17 21:52:39,0.079715,0.07922,0.078251,0.048193
2004-02-17 22:02:39,0.077918,0.077102,0.079669,0.048083
2004-02-17 22:12:39,0.077412,0.078638,0.082108,0.047961
2004-02-17 22:22:39,0.078838,0.077886,0.079052,0.048277
2004-02-17 22:32:39,0.079493,0.077418,0.077721,0.047779
2004-02-17 22:42:39,0.079562,0.077909,0.077343,0.048012
2004-02-17 22:52:39,0.080709,0.077491,0.0795,0.048852
2004-02-17 23:02:39,0.08081,0.078309,0.079504,0.048308
2004-02-17 23:12:39,0.080192,0.077518,0.079505,0.047726
2004-02-17 23:22:39,0.081071,0.078228,0.077594,0.047873
2004-02-17 23:32:39,0.078807,0.076797,0.078004,0.047722
2004-02-17 23:42:39,0.081468,0.077626,0.081327,0.047722
2004-02-17 23:52:39,0.081411,0.078918,0.078681,0.047713
2004-02-18 00:02:39,0.08114,0.078546,0.080209,0.047324
2004-02-18 00:12:39,0.081596,0.077588,0.079332,0.048013
2004-02-18 00:22:39,0.081003,0.076821,0.078356,0.047748
2004-02-18 00:32:39,0.083339,0.077826,0.079429,0.048456
2004-02-18 00:42:39,0.082248,0.077699,0.077866,0.047434
2004-02-18 00:52:39,0.08297,0.078229,0.078005,0.047648
2004-02-18 01:02:39,0.084148,0.077956,0.079947,0.047946
2004-02-18 01:12:39,0.084308,0.078095,0.07999,0.049232
2004-02-18 01:22:39,0.083194,0.077061,0.079211,0.047121
2004-02-18 01:32:39,0.084337,0.077366,0.078492,0.047339
2004-02-18 01:42:39,0.084134,0.076727,0.078846,0.046431
2004-02-18 01:52:39,0.082733,0.07839,0.080118,0.047862
2004-02-18 02:02:39,0.083305,0.077275,0.07879,0.04717
2004-02-18 02:12:39,0.083894,0.077786,0.08066,0.047343
2004-02-18 02:22:39,0.084584,0.077355,0.080026,0.047387
2004-02-18 02:32:39,0.084379,0.079152,0.080031,0.047332
2004-02-18 02:42:39,0.084472,0.078821,0.07958,0.048372
2004-02-18 02:52:39,0.084914,0.077522,0.078337,0.046817
2004-02-18 03:02:39,0.085808,0.078592,0.080268,0.047981
2004-02-18 03:12:39,0.086528,0.078718,0.07865,0.047993
2004-02-18 03:22:39,0.084734,0.077845,0.07857,0.047837
2004-02-18 03:32:39,0.086028,0.079539,0.08154,0.047654
2004-02-18 03:42:39,0.101577,0.078723,0.080682,0.048302
2004-02-18 03:52:39,0.101788,0.079344,0.080435,0.049179
2004-02-18 04:02:39,0.10005,0.079847,0.081559,0.049527
2004-02-18 04:12:39,0.104882,0.080978,0.08132,0.048864
2004-02-18 04:22:39,0.102,0.078917,0.080258,0.048534
2004-02-18 04:32:39,0.104759,0.080878,0.08197,0.04954
2004-02-18 04:42:39,0.107023,0.079251,0.081651,0.050014
2004-02-18 04:52:39,0.104515,0.080736,0.082297,0.049032
2004-02-18 05:02:39,0.108308,0.0797,0.080101,0.049801
2004-02-18 05:12:39,0.107156,0.080067,0.080759,0.049795
2004-02-18 05:22:39,0.109985,0.079711,0.080053,0.049893
2004-02-18 05:32:39,0.109949,0.079274,0.082451,0.048685
2004-02-18 05:42:39,0.114419,0.079063,0.082437,0.049785
2004-02-18 05:52:39,0.111664,0.080401,0.081018,0.049891
2004-02-18 06:02:39,0.11485,0.081226,0.081401,0.050539
2004-02-18 06:12:39,0.11694,0.080504,0.081718,0.050401
2004-02-18 06:22:39,0.116757,0.08098,0.081537,0.05004
2004-02-18 06:32:39,0.116302,0.080656,0.084024,0.0514
2004-02-18 06:42:39,0.11679,0.081122,0.081463,0.050207
2004-02-18 06:52:39,0.118268,0.080623,0.081814,0.05089
2004-02-18 07:02:39,0.117903,0.082301,0.081322,0.050704
2004-02-18 07:12:39,0.118562,0.081152,0.08233,0.050468
2004-02-18 07:22:39,0.119002,0.081725,0.082805,0.05185
2004-02-18 07:32:39,0.118333,0.080359,0.081374,0.051325
2004-02-18 07:42:39,0.116807,0.079584,0.082862,0.050095
2004-02-18 07:52:39,0.121974,0.081125,0.082924,0.051127
2004-02-18 08:02:39,0.124002,0.082105,0.081618,0.051576
2004-02-18 08:12:39,0.123532,0.080726,0.082274,0.051298
2004-02-18 08:22:39,0.123809,0.081944,0.083085,0.052144
2004-02-18 08:32:39,0.120624,0.081254,0.084504,0.051176
2004-02-18 08:42:39,0.117394,0.081205,0.081764,0.050397
2004-02-18 08:52:39,0.115647,0.080289,0.081818,0.05121
2004-02-18 09:02:39,0.117358,0.081126,0.082249,0.051347
2004-02-18 09:12:39,0.118131,0.082361,0.083466,0.052405
2004-02-18 09:22:39,0.122172,0.081794,0.082874,0.051331
2004-02-18 09:32:39,0.117301,0.080827,0.081809,0.051709
2004-02-18 09:42:39,0.115612,0.080338,0.08282,0.051108
2004-02-18 09:52:39,0.117794,0.080486,0.082415,0.051535
2004-02-18 10:02:39,0.115364,0.080997,0.083003,0.051352
2004-02-18 10:12:39,0.120127,0.082999,0.084477,0.051846
2004-02-18 10:22:39,0.118866,0.08094,0.081921,0.050886
2004-02-18 10:32:39,0.116733,0.08106,0.083103,0.051278
2004-02-18 10:42:39,0.116299,0.080721,0.081161,0.05029
2004-02-18 10:52:39,0.111423,0.081706,0.082622,0.051785
2004-02-18 11:02:39,0.110108,0.07996,0.084502,0.050485
2004-02-18 11:12:39,0.109202,0.080543,0.082648,0.050535
2004-02-18 11:22:39,0.108979,0.08107,0.082359,0.051831
2004-02-18 11:32:39,0.109611,0.0813,0.083866,0.050887
2004-02-18 11:42:39,0.108692,0.080593,0.082919,0.051471
2004-02-18 11:52:39,0.118757,0.082497,0.084676,0.053535
2004-02-18 12:02:39,0.12194,0.081887,0.084304,0.052455
2004-02-18 12:12:39,0.116086,0.083803,0.085199,0.053211
2004-02-18 12:22:39,0.114809,0.083276,0.084915,0.054153
2004-02-18 12:32:39,0.11596,0.082557,0.084782,0.05349
2004-02-18 12:42:39,0.112429,0.083183,0.086207,0.053191
2004-02-18 12:52:39,0.109861,0.084051,0.084667,0.053132
2004-02-18 13:02:39,0.111515,0.084172,0.085791,0.05307
2004-02-18 13:12:39,0.113185,0.08421,0.086553,0.053922
2004-02-18 13:22:39,0.110352,0.084034,0.085573,0.053692
2004-02-18 13:32:39,0.108667,0.08523,0.085302,0.053982
2004-02-18 13:42:39,0.110586,0.085211,0.085303,0.053958
2004-02-18 13:52:39,0.11285,0.084754,0.085692,0.054154
2004-02-18 14:02:39,0.113296,0.08604,0.087738,0.053965
2004-02-18 14:12:39,0.1124,0.085148,0.085287,0.055115
2004-02-18 14:22:39,0.111486,0.086649,0.088417,0.055171
2004-02-18 14:32:39,0.112502,0.085334,0.086624,0.05425
2004-02-18 14:42:39,0.116933,0.086316,0.088652,0.056617
2004-02-18 14:52:39,0.112341,0.087083,0.086435,0.055071
2004-02-18 15:02:39,0.105557,0.08583,0.087957,0.053687
2004-02-18 15:12:39,0.101249,0.087511,0.089255,0.055316
2004-02-18 15:22:39,0.098989,0.088474,0.090071,0.054717
2004-02-18 15:32:39,0.095558,0.086467,0.08882,0.05515
2004-02-18 15:42:39,0.094821,0.089186,0.09085,0.054422
2004-02-18 15:52:39,0.093977,0.087971,0.090677,0.054726
2004-02-18 16:02:39,0.092086,0.088623,0.089069,0.054201
2004-02-18 16:12:39,0.09362,0.090126,0.091611,0.054022
2004-02-18 16:22:39,0.093138,0.088552,0.090855,0.05391
2004-02-18 16:32:39,0.0934,0.088212,0.0919,0.053728
2004-02-18 16:42:39,0.09741,0.091546,0.092235,0.054945
2004-02-18 16:52:39,0.099352,0.090289,0.092098,0.054915
2004-02-18 17:02:39,0.109042,0.092579,0.094415,0.055276
2004-02-18 17:12:39,0.115116,0.091407,0.09416,0.054266
2004-02-18 17:22:39,0.122504,0.093487,0.093924,0.055584
2004-02-18 17:32:39,0.129759,0.094763,0.095736,0.057059
2004-02-18 17:42:39,0.133613,0.094242,0.096889,0.055237
2004-02-18 17:52:39,0.134302,0.095116,0.098134,0.056942
2004-02-18 18:02:39,0.134587,0.092486,0.095475,0.056693
2004-02-18 18:12:39,0.12973,0.093701,0.096509,0.05603
2004-02-18 18:22:39,0.124104,0.093442,0.097361,0.055355
2004-02-18 18:32:39,0.129418,0.095921,0.100476,0.056513
2004-02-18 18:42:39,0.131037,0.094328,0.098031,0.055411
2004-02-18 18:52:39,0.130316,0.095003,0.098378,0.057174
2004-02-18 19:02:39,0.140651,0.09704,0.100088,0.057947
2004-02-18 19:12:39,0.132388,0.098058,0.102922,0.057877
2004-02-18 19:22:39,0.12704,0.096231,0.101682,0.059678
2004-02-18 19:32:39,0.130025,0.095877,0.100473,0.05938
2004-02-18 19:42:39,0.125173,0.098175,0.102654,0.060329
2004-02-18 19:52:39,0.129894,0.09962,0.103184,0.061056
2004-02-18 20:02:39,0.126225,0.100429,0.10605,0.062398
2004-02-18 20:12:39,0.135438,0.101701,0.106486,0.064631
2004-02-18 20:22:39,0.133545,0.10148,0.107556,0.065814
2004-02-18 20:32:39,0.129935,0.103157,0.106585,0.064478
2004-02-18 20:42:39,0.129254,0.10409,0.109173,0.064375
2004-02-18 20:52:39,0.122239,0.104558,0.110122,0.063878
2004-02-18 21:02:39,0.116117,0.103586,0.110325,0.062109
2004-02-18 21:12:39,0.122883,0.104095,0.110859,0.063453
2004-02-18 21:22:39,0.132512,0.104914,0.111109,0.065042
2004-02-18 21:32:39,0.130182,0.102096,0.110189,0.060787
2004-02-18 21:42:39,0.138484,0.10203,0.109605,0.062673
2004-02-18 21:52:39,0.145767,0.105227,0.113392,0.063051
2004-02-18 22:02:39,0.151877,0.104716,0.114321,0.063516
2004-02-18 22:12:39,0.165064,0.105107,0.113728,0.064149
2004-02-18 22:22:39,0.18908,0.106938,0.11292,0.069001
2004-02-18 22:32:39,0.149932,0.106624,0.115554,0.065636
2004-02-18 22:42:39,0.14828,0.104881,0.117738,0.068809
2004-02-18 22:52:39,0.14838,0.107325,0.119269,0.069864
2004-02-18 23:02:39,0.129033,0.104224,0.116384,0.06611
2004-02-18 23:12:39,0.125879,0.10634,0.117387,0.066913
2004-02-18 23:22:39,0.131932,0.106003,0.118082,0.068882
2004-02-18 23:32:39,0.129671,0.107251,0.119393,0.069004
2004-02-18 23:42:39,0.151887,0.108582,0.120523,0.070506
2004-02-18 23:52:39,0.145856,0.10801,0.120646,0.06864
2004-02-19 00:02:39,0.160891,0.108645,0.121147,0.070629
2004-02-19 00:12:39,0.142886,0.110873,0.125692,0.070584
2004-02-19 00:22:39,0.129447,0.109212,0.125221,0.068337
2004-02-19 00:32:39,0.12358,0.103715,0.120503,0.06748
2004-02-19 00:42:39,0.124537,0.102207,0.118987,0.067354
2004-02-19 00:52:39,0.139822,0.109218,0.121679,0.07373
2004-02-19 01:02:39,0.160893,0.114052,0.123724,0.078555
2004-02-19 01:12:39,0.177406,0.113495,0.122515,0.079303
2004-02-19 01:22:39,0.153328,0.10646,0.115634,0.074147
2004-02-19 01:32:39,0.179444,0.109834,0.115636,0.07673
2004-02-19 01:42:39,0.155617,0.097834,0.108144,0.072305
2004-02-19 01:52:39,0.171794,0.097445,0.10145,0.075335
2004-02-19 02:02:39,0.162949,0.096347,0.096861,0.071857
2004-02-19 02:12:39,0.197247,0.107476,0.101605,0.079205
2004-02-19 02:22:39,0.155037,0.102853,0.097091,0.073439
2004-02-19 02:32:39,0.172425,0.126727,0.119742,0.081873
2004-02-19 02:42:39,0.204125,0.136383,0.132697,0.088846
2004-02-19 02:52:39,0.183015,0.146816,0.149632,0.086434
2004-02-19 03:02:39,0.182319,0.113389,0.13548,0.077444
2004-02-19 03:12:39,0.194758,0.112525,0.12089,0.074097
2004-02-19 03:22:39,0.230138,0.139461,0.133155,0.086285
2004-02-19 03:32:39,0.228026,0.146292,0.132959,0.087872
2004-02-19 03:42:39,0.280388,0.143851,0.130073,0.090879
2004-02-19 03:52:39,0.253947,0.115853,0.1207,0.087097
2004-02-19 04:02:39,0.25513,0.118566,0.125341,0.095046
2004-02-19 04:12:39,0.269331,0.149215,0.146111,0.106215
2004-02-19 04:22:39,0.294224,0.152526,0.147829,0.109945
2004-02-19 04:32:39,0.29985,0.128474,0.12227,0.098611
2004-02-19 04:42:39,0.248546,0.107329,0.095034,0.090753
2004-02-19 04:52:39,0.329175,0.152799,0.134074,0.102279
2004-02-19 05:02:39,0.41671,0.149928,0.142589,0.095363
2004-02-19 05:12:39,0.351936,0.132495,0.127523,0.111187
2004-02-19 05:22:39,0.33825,0.136768,0.118167,0.116861
2004-02-19 05:32:39,0.301368,0.14043,0.111463,0.114493
2004-02-19 05:42:39,0.453318,0.161011,0.137444,0.119042
2004-02-19 05:52:39,0.337575,0.132397,0.144997,0.092123
2004-02-19 06:02:39,0.351094,0.152259,0.151296,0.100813
2004-02-19 06:12:39,0.001857,0.003731,0.003656,0.001786
2004-02-19 06:22:39,0.001168,0.000767,0.000716,0.001699
